frame,step,tau_nominal_MPa,n_segments,dxa_total_len_A,n_interface_segments,n_other_segments,x_plus,z_plus,len_plus,xmin_plus,xmax_plus,x_minus,z_minus,len_minus,xmin_minus,xmax_minus,lineage_plus,xu_plus,lineage_minus,xu_minus,s_A,s_dev_A
0,0,0.0,4,257.9836370086847,0,0,144.11451563591498,49.521559870647565,128.99138891726517,140.21660473061442,148.01242654121558,119.44619365418032,72.51431079385047,128.99224809141955,114.94201804083578,123.95036926752485,continuous_family,144.11451563591498,continuous_family,119.44619365418032,24.668321981734664,-14.063671611744738
1,2000,0.0,5,272.23615910365226,0,1,141.8762204791548,49.997762439872545,131.54080158155546,136.57123534379863,147.181205614511,99.38924745591282,72.7909001194365,130.1115407577384,94.39845272447658,104.38004218734909,continuous_family,141.8762204791548,continuous_family,99.38924745591282,42.48697302324197,1.4298644303405368
2,4000,0.0,4,259.7811255871289,0,0,133.12623535945784,50.58502039321677,129.79225206395694,128.71334804472025,137.53912267419545,87.24671795602129,73.73012368963438,129.988873523172,82.04770909843971,92.44572681360286,continuous_family,133.12623535945784,continuous_family,87.24671795602129,45.87951740343655,2.4972938111130816
3,6000,0.014575338308623289,4,260.0160792684251,0,0,131.4403140233612,50.21966293657036,129.81976813935472,125.76706945526209,137.1135585914603,81.40016127701116,73.28188852407135,130.19631112907038,75.6643006908587,87.13602186316365,continuous_family,131.4403140233612,continuous_family,81.40016127701116,50.04015274635003,4.33281415460452
4,8000,0.3875091767428495,4,260.32247594086937,0,0,132.8945081549766,49.44321025452596,130.07562022230252,127.96611804630633,137.82289826364686,83.01526496144785,72.25934482889437,130.24685571856688,78.56416776280408,87.46636216009165,continuous_family,132.8945081549766,continuous_family,83.01526496144785,49.87924319352874,1.8467896023611985
5,10000,1.7394546306435006,4,260.91941604381753,0,0,139.78197575134556,49.74959056942804,130.10370475067603,135.2976597550127,144.26629174767845,85.20177697135028,72.46264565010372,130.81571129314153,80.36735006241922,90.03620388028138,continuous_family,139.78197575134556,continuous_family,85.20177697135028,54.58019877999527,4.222630189405692
6,12000,4.5565945099676535,4,259.987828135607,0,0,136.05137735839145,50.413895847235324,129.63516808765775,131.7795996771317,140.32315503965123,77.93222562582581,73.39796188828218,130.35266004794923,73.23779445584607,82.62665679580557,continuous_family,136.05137735839145,continuous_family,77.93222562582581,58.11915173256564,5.436468142554027
7,14000,9.1020490554222,4,259.98413151675504,0,0,138.39390545525808,50.44899598856934,129.8704066589173,134.25468487570276,142.5331260348134,77.23079569092471,73.49247420951848,130.11372485783772,72.54416281069392,81.91742857115548,continuous_family,138.39390545525808,continuous_family,77.23079569092471,61.16310976433337,6.1553111748997225
8,16000,15.375818267007133,4,260.9173167252311,0,0,137.5512649772883,49.97018713601457,130.44181924049622,133.07986061066248,142.02266934391415,75.06541014053785,72.69331907893122,130.4754974847349,69.9573089053322,80.17351137574349,continuous_family,137.5512649772883,continuous_family,75.06541014053785,62.48585483675045,5.152941247894766
9,18000,23.114781904015576,4,260.17404822767094,0,0,136.86756168980335,49.56189782647783,129.66036860387067,132.89148283297845,140.84364054662825,82.46122358018074,72.1983615447709,130.51367962380027,78.2620621661596,86.66038499420189,continuous_family,136.86756168980335,continuous_family,82.46122358018074,54.40633810962261,-5.251690478655107
10,20000,31.83275715649044,4,260.58741484235634,0,0,133.48942645347836,49.983364852926755,130.8534403196045,128.83551412023658,138.14333878672014,83.26503352855248,72.8524831846961,129.73397452275182,77.9985580834249,88.53150897368003,continuous_family,133.48942645347836,continuous_family,83.26503352855248,50.22439292492588,-11.758750662773878
11,22000,40.90909090909091,4,260.7024618625833,0,0,131.85695080910259,50.523151220347785,130.4201886511284,127.95435636376554,135.75954525443967,80.3182773030711,73.60285790940756,130.28227321145488,75.95815865991112,84.67839594623109,continuous_family,131.85695080910259,continuous_family,80.3182773030711,51.538673506031486,-12.769585081090298
12,24000,50.0,4,261.08671862670144,0,0,132.21721957728403,50.25030775027731,130.51725885043467,127.65614549368267,136.7782936608854,84.73615959454786,73.1047948280435,130.5694597762668,79.57725550420896,89.89506368488676,continuous_family,132.21721957728403,continuous_family,84.73615959454786,47.48105998273617,-19.152313603807656
13,26000,59.090909090909086,4,260.5518351161938,0,0,135.26556667689675,49.675493674407726,130.18802906351166,131.26818077190097,139.26295258189253,85.14799075899904,72.23631479393168,130.36380605268212,80.51631980852666,89.77966170947141,continuous_family,135.26556667689675,continuous_family,85.14799075899904,50.11757591789771,-18.840912668068142
14,28000,68.18181818181817,4,261.17619440359806,0,0,135.6173756219418,49.866031411788626,129.6282726231031,131.2423544122138,139.99239683166977,82.09239307571282,72.51823357476815,131.54792178049502,77.52907471100073,86.65571144042491,continuous_family,135.6173756219418,continuous_family,82.09239307571282,53.52498254622897,-17.758621039158925
15,30000,77.27272727272727,4,260.49342736698225,0,0,137.533134576617,50.473635433934454,130.2648078142637,133.21913220380202,141.84713694943196,78.3522904343056,73.44800471910439,130.22861955271856,73.23849766649575,83.46608320211547,continuous_family,137.533134576617,continuous_family,78.3522904343056,59.180844142311386,-14.427874442498549
16,32000,86.36363636363636,4,259.6016966107876,0,0,136.3484961345994,50.36546401356625,130.03381900823263,131.96736701287978,140.72962525631903,70.27740593414035,73.4248907880095,129.567877602555,65.25867983285671,75.29613203542398,continuous_family,136.3484961345994,continuous_family,70.27740593414035,66.07109020045905,-9.862743383772909
17,34000,95.45454545454545,4,260.5016166569831,0,0,143.30334686545024,49.762435697477486,130.01474468227656,138.73087270695515,147.8758210239453,69.03115223455828,72.53393081280042,130.48687197470656,64.01050622832072,74.05179824079582,continuous_family,143.30334686545024,continuous_family,69.03115223455828,74.27219463089196,-3.9867539527620437
18,36000,104.54545454545455,7,182.37134418812497,0,0,2.328159198954927,50.64023646111504,51.645232848040436,0.9556360697781598,3.9058092561550612,65.26139355953902,72.38775177942281,130.72611134008451,60.77714096408085,69.74564615499719,continuous_family,156.97241224445492,continuous_family,65.26139355953902,91.7110186849159,11.126955101839854
19,38000,113.63636363636363,2,130.25493648086757,0,0,,,,,,55.47672454374072,73.15688959572711,130.25493648086757,50.90748932322096,60.045959764260495,missing,,continuous_family,55.47672454374072,,
20,40000,122.72727272727272,2,131.03165167192319,0,0,,,,,,45.77667125896779,73.58350348992394,131.03165167192319,40.77009268328558,50.78324983464999,missing,,continuous_family,45.77667125896779,,
21,42000,131.8181818181818,2,129.68734473949695,0,0,,,,,,34.459547890952685,73.28813149074458,129.68734473949695,30.170912982400854,38.748182799504505,missing,,continuous_family,34.459547890952685,,
22,44000,140.9090909090909,2,129.73574571376957,0,0,,,,,,28.437189071752204,72.83584225568771,129.73574571376957,23.683875290884433,33.19050285261997,missing,,continuous_family,28.437189071752204,,
23,46000,150.0,3,117.47557813191605,0,0,,,,,,24.04373154030882,72.91920244652674,117.47557813191605,17.01354420006741,27.884066211100457,missing,,continuous_family,24.04373154030882,,
24,48000,159.0909090909091,2,46.9804615218043,0,0,,,,,,18.30231745942339,74.04762718591479,46.9804615218043,16.337804668605155,18.956536995006402,missing,,continuous_family,18.30231745942339,,
25,50000,168.1818181818182,1,10.645261722291128,0,0,,,,,,15.10858649721679,74.07283559860367,10.645261722291128,15.10858649721679,15.10858649721679,missing,,continuous_family,15.10858649721679,,
26,52000,177.27272727272725,0,0.0,0,0,,,,,,,,,,,missing,,missing,,,
27,54000,186.36363636363635,0,0.0,0,0,,,,,,,,,,,missing,,missing,,,
28,56000,195.45454545454544,0,0.0,0,0,,,,,,,,,,,missing,,missing,,,
29,58000,204.54545454545453,0,0.0,0,0,,,,,,,,,,,missing,,missing,,,
30,60000,213.63636363636363,0,0.0,0,0,,,,,,,,,,,missing,,missing,,,
31,62000,222.72727272727272,0,0.0,0,0,,,,,,,,,,,missing,,missing,,,
32,64000,231.8181818181818,1,12.61912226424186,0,1,,,,,,,,,,,missing,,missing,,,
33,66000,240.9090909090909,3,46.465953658895046,0,3,,,,,,,,,,,missing,,missing,,,
34,68000,250.0,0,0.0,0,0,,,,,,,,,,,missing,,missing,,,
35,70000,259.09090909090907,0,0.0,0,0,,,,,,,,,,,missing,,missing,,,
36,72000,268.1818181818182,0,0.0,0,0,,,,,,,,,,,missing,,missing,,,
37,74000,277.27272727272725,0,0.0,0,0,,,,,,,,,,,missing,,missing,,,
38,76000,286.3636363636364,0,0.0,0,0,,,,,,,,,,,missing,,missing,,,
39,78000,295.45454545454544,0,0.0,0,0,,,,,,,,,,,missing,,missing,,,
40,80000,304.5454545454545,0,0.0,0,0,,,,,,,,,,,missing,,missing,,,
41,82000,313.6363636363636,0,0.0,0,0,,,,,,,,,,,missing,,missing,,,
42,84000,322.7272727272727,0,0.0,0,0,,,,,,,,,,,missing,,missing,,,
43,86000,331.8181818181818,0,0.0,0,0,,,,,,,,,,,missing,,missing,,,
44,88000,340.9090909090909,0,0.0,0,0,,,,,,,,,,,missing,,missing,,,
45,90000,350.0,0,0.0,0,0,,,,,,,,,,,missing,,missing,,,
46,92000,359.09090909090907,0,0.0,0,0,,,,,,,,,,,missing,,missing,,,
47,94000,368.1818181818182,0,0.0,0,0,,,,,,,,,,,missing,,missing,,,
48,96000,377.27272727272725,3,37.096152858690225,0,3,,,,,,,,,,,missing,,missing,,,
49,98000,386.3636363636363,1,20.639786151923644,0,1,,,,,,,,,,,missing,,missing,,,
50,100000,395.45454545454544,1,15.371875151737365,0,0,9.095679693980177,69.65085238228026,15.371875151737365,9.095679693980177,9.095679693980177,,,,,,reacquired_untrusted,163.73993273948017,missing,,,
